{
  "id": "f4985130-1fd9-11ec-800e-59f40ea4d2f2",
  "version": "1.0.0-beta.2",
  "name": "Life 3",
  "nodes": [
    {
      "id": "2z3c7v3yq",
      "name": "Life",
      "x": -53,
      "y": -97,
      "templateName": "Life",
      "params": []
    },
    {
      "id": "VQaUOszXl",
      "name": "my-first-graph",
      "x": -68,
      "y": -48,
      "templateName": "Custom",
      "params": [
        {
          "name": "in",
          "source": {
            "id": "2z3c7v3yq",
            "port": "out"
          }
        }
      ]
    },
    {
      "id": "Hqum-vyHp",
      "name": "Circle",
      "x": -3,
      "y": 103,
      "templateName": "Custom",
      "draft": "module.exports = (node, graph) => {\n\tconst triggerIn = node.triggerIn(\"in\");\n\n\ttriggerIn.onTrigger = (props) => {\n\t\tconst { ctx, size } = props;\n\n\t\t// set background color to pale yellow\n\t\tctx.fillStyle = `#FFFF66`;\n\n\t\t// set border color to black\n\t\tctx.strokeStyle = \"#000000\";\n\n\t\t// start drawing shape\n\t\tctx.beginPath();\n\n\t\t// draw a circle arc\n\t\t// at position 0,0\n\t\t// with radius half the size of cell gride\n\t\t// and from 0 to 360 degrees (full scircle)\n\t\tctx.arc(0, 0, size / 2, 0, Math.PI * 2);\n\n\t\t// fill the shape\n\t\tctx.fill();\n\n\t\t// add border to the shape\n\t\tctx.stroke();\n\n\t\t// finish drawing shape\n\t\tctx.closePath();\n\t};\n  module.exports = (node, graph) => {\n\tconst triggerIn = node.triggerIn(\"in\");\n\tconst triggerOut = node.triggerOut(\"out\");\n\n\tlet step = 50;\n\n\t// margin size in pixels\n\tconst margin = 20;\n\n\ttriggerIn.onTrigger = (props) => {\n\t\tconst { canvas, ctx } = props;\n\n\t\t// save canvas state\n\t\tctx.save();\n\n\t\t// start drawing clipping mask\n\t\tctx.beginPath();\n\n\t\t// draw clipping mask rectangle slightly smaller than whole page\n\t\tctx.rect(\n\t\t\tmargin,\n\t\t\tmargin,\n\t\t\tcanvas.width - margin * 2,\n\t\t\tcanvas.height - margin * 2\n\t\t);\n\t\tctx.clip();\n\n\t\tfor (let x = 0; x < canvas.width; x += step) {\n\t\t\tfor (let y = 0; y < canvas.height; y += step) {\n\t\t\t\tctx.save();\n\t\t\t\tctx.translate(x, y);\n\t\t\t\tctx.fillStyle = \"#0000FC\";\n\t\t\t\tctx.fillRect(1, 1, step - 2, step - 2);\n\t\t\t\tctx.restore();\n\t\t\t}\n\t\t}\n\n\t\t// restore canvas state effectively disabling clipping\n\t\tctx.restore();\n\t};\n};\n};",
      "params": [
        {
          "name": "in",
          "source": {
            "id": "VQaUOszXl",
            "port": "out"
          }
        }
      ]
    }
  ],
  "comments": []
}