{
  "theme": "Default",
  "currentGraph": "Life 3",
  "editorTheme": "Community Material Theme High Contrast",
  "editorTabSize": 2,
  "editorFontSize": 12,
  "editorMinimap": true,
  "editorWordWrap": "off",
  "editorWordWrapColumn": 80,
  "hideFullscreenGui": false,
  "graphMetadata": {
    "Life": {
      "offset": [
        0,
        0
      ],
      "zoomLevel": 1,
      "sceneRatio": 0.66,
      "canvasRatio": 0.4,
      "layout": "default"
    },
    "Life 2": {
      "offset": [
        0,
        0
      ],
      "zoomLevel": 1,
      "sceneRatio": 0.66,
      "canvasRatio": 0.4,
      "layout": "default"
    },
    "Life 3": {
      "offset": [
        0,
        0
      ],
      "zoomLevel": 1,
      "sceneRatio": 0.66,
      "canvasRatio": 0.4,
      "layout": "default"
    }
  }
}